{
  "uid" : "b1a8273437954620fa374b796ffaacdd",
  "children" : [ {
    "name" : "Contact us form filling",
    "uid" : "ec46eb9f39c3eb5c",
    "parentUid" : "b1a8273437954620fa374b796ffaacdd",
    "status" : "failed",
    "time" : {
      "start" : 1734614865707,
      "stop" : 1734614868271,
      "duration" : 2564
    },
    "flaky" : false,
    "newFailed" : false,
    "newPassed" : false,
    "newBroken" : false,
    "retriesCount" : 0,
    "retriesStatusChange" : false,
    "parameters" : [ ]
  }, {
    "name" : "Login",
    "uid" : "17e7e532867aeea5",
    "parentUid" : "b1a8273437954620fa374b796ffaacdd",
    "status" : "passed",
    "time" : {
      "start" : 1734614869168,
      "stop" : 1734614871543,
      "duration" : 2375
    },
    "flaky" : false,
    "newFailed" : false,
    "newPassed" : false,
    "newBroken" : false,
    "retriesCount" : 0,
    "retriesStatusChange" : false,
    "parameters" : [ ]
  }, {
    "name" : "Invalid Login",
    "uid" : "85202c2642bc6afd",
    "parentUid" : "b1a8273437954620fa374b796ffaacdd",
    "status" : "passed",
    "time" : {
      "start" : 1734614871553,
      "stop" : 1734614873670,
      "duration" : 2117
    },
    "flaky" : false,
    "newFailed" : false,
    "newPassed" : false,
    "newBroken" : false,
    "retriesCount" : 0,
    "retriesStatusChange" : false,
    "parameters" : [ ]
  }, {
    "name" : "Search for a product and select last third result",
    "uid" : "e108b8fff5f0fd6",
    "parentUid" : "b1a8273437954620fa374b796ffaacdd",
    "status" : "passed",
    "time" : {
      "start" : 1734614873677,
      "stop" : 1734614876372,
      "duration" : 2695
    },
    "flaky" : false,
    "newFailed" : false,
    "newPassed" : false,
    "newBroken" : false,
    "retriesCount" : 0,
    "retriesStatusChange" : false,
    "parameters" : [ ]
  } ],
  "name" : "behaviors"
}