{
  "uid" : "4b4757e66a1912dae1a509f688f20b0f",
  "children" : [ {
    "name" : "Product defects",
    "children" : [ {
      "name" : "Error: expect(received).toBe(expected) // Object.is equality\n\nExpected: \"Success! Your details have been submitted successfully.\"\nReceived: {Symbol(async_id_symbol): 38228, Symbol(trigger_async_id_symbol): 35074, Symbol(kResourceStore): {\"data\": {\"box\": undefined, \"boxedStack\": undefined, \"category\": \"test.step\", \"complete\": [Function complete], \"location\": {\"column\": 16, \"file\": \"/home/runner/work/git-workflow-attach-report-playwright/git-workflow-attach-report-playwright/src/pages/ContactUsPage.ts\", \"function\": \"ContactUsPage.verifySuccessMessage\", \"line\": 79}, \"stepId\": \"test.step@18\", \"steps\": [{\"apiName\": \"locator.textContent\", \"boxedStack\": undefined, \"category\": \"pw:api\", \"complete\": [Function complete], \"location\": {\"column\": 34, \"file\": \"/home/runner/work/git-workflow-attach-report-playwright/git-workflow-attach-report-playwright/src/pages/ContactUsPage.ts\", \"function\": undefined, \"line\": 80}, \"params\": {\"selector\": \".contact-form .alert-success\", \"strict\": true}, \"stepId\": \"pw:api@19\", \"steps\": [], \"title\": \"locator.textContent(.contact-form .alert-success)\", \"wallTime\": 1734614867732}, {\"boxedStack\": undefined, \"category\": \"expect\", \"complete\": [Function complete], \"infectParentStepsWithError\": undefined, \"location\": {\"column\": 49, \"file\": \"/home/runner/work/git-workflow-attach-report-playwright/git-workflow-attach-report-playwright/src/pages/ContactUsPage.ts\", \"function\": undefined, \"line\": 80}, \"params\": {\"expected\": \"Success! Your details have been submitted successfully.\"}, \"stepId\": \"expect@20\", \"steps\": [], \"title\": \"expect.toBe\", \"wallTime\": 1734614867733}], \"title\": \"Verify success message\", \"wallTime\": 1734614867731}, \"previous\": undefined, \"type\": \"stepZone\"}}",
      "children" : [ {
        "name" : "Contact us form filling",
        "uid" : "ec46eb9f39c3eb5c",
        "parentUid" : "80576959b149cc0ad04c12b962537955",
        "status" : "failed",
        "time" : {
          "start" : 1734614865707,
          "stop" : 1734614868271,
          "duration" : 2564
        },
        "flaky" : false,
        "newFailed" : false,
        "newPassed" : false,
        "newBroken" : false,
        "retriesCount" : 0,
        "retriesStatusChange" : false,
        "parameters" : [ ]
      } ],
      "uid" : "80576959b149cc0ad04c12b962537955"
    } ],
    "uid" : "8fb3a91ba5aaf9de24cc8a92edc82b5d"
  } ],
  "name" : "categories"
}