{
  "uid" : "83edc06c07f9ae9e47eb6dd1b683e4e2",
  "children" : [ {
    "name" : "form.spec.ts",
    "children" : [ {
      "name" : "Contact us form filling",
      "uid" : "ec46eb9f39c3eb5c",
      "parentUid" : "57705dc06f5aa5743ef8a79b2210a684",
      "status" : "failed",
      "time" : {
        "start" : 1734614865707,
        "stop" : 1734614868271,
        "duration" : 2564
      },
      "flaky" : false,
      "newFailed" : false,
      "newPassed" : false,
      "newBroken" : false,
      "retriesCount" : 0,
      "retriesStatusChange" : false,
      "parameters" : [ ]
    } ],
    "uid" : "form.spec.ts"
  }, {
    "name" : "login.spec.ts",
    "children" : [ {
      "name" : "Login",
      "uid" : "17e7e532867aeea5",
      "parentUid" : "9a4c0266cb8df6cd22c2dafd030bb458",
      "status" : "passed",
      "time" : {
        "start" : 1734614869168,
        "stop" : 1734614871543,
        "duration" : 2375
      },
      "flaky" : false,
      "newFailed" : false,
      "newPassed" : false,
      "newBroken" : false,
      "retriesCount" : 0,
      "retriesStatusChange" : false,
      "parameters" : [ ]
    }, {
      "name" : "Invalid Login",
      "uid" : "85202c2642bc6afd",
      "parentUid" : "9a4c0266cb8df6cd22c2dafd030bb458",
      "status" : "passed",
      "time" : {
        "start" : 1734614871553,
        "stop" : 1734614873670,
        "duration" : 2117
      },
      "flaky" : false,
      "newFailed" : false,
      "newPassed" : false,
      "newBroken" : false,
      "retriesCount" : 0,
      "retriesStatusChange" : false,
      "parameters" : [ ]
    } ],
    "uid" : "login.spec.ts"
  }, {
    "name" : "search.spec.ts",
    "children" : [ {
      "name" : "Search for a product and select last third result",
      "uid" : "e108b8fff5f0fd6",
      "parentUid" : "e0cec8808329f28c292a93e94dfdfa68",
      "status" : "passed",
      "time" : {
        "start" : 1734614873677,
        "stop" : 1734614876372,
        "duration" : 2695
      },
      "flaky" : false,
      "newFailed" : false,
      "newPassed" : false,
      "newBroken" : false,
      "retriesCount" : 0,
      "retriesStatusChange" : false,
      "parameters" : [ ]
    } ],
    "uid" : "search.spec.ts"
  } ],
  "name" : "packages"
}