{
  "uid" : "98d3104e051c652961429bf95fa0b5d6",
  "children" : [ {
    "name" : "form.spec.ts",
    "children" : [ {
      "name" : "Contact us form filling",
      "children" : [ {
        "name" : "Contact us form filling",
        "uid" : "ec46eb9f39c3eb5c",
        "parentUid" : "baaa7da599b6e22151865d9588a7b106",
        "status" : "failed",
        "time" : {
          "start" : 1734614865707,
          "stop" : 1734614868271,
          "duration" : 2564
        },
        "flaky" : false,
        "newFailed" : false,
        "newPassed" : false,
        "newBroken" : false,
        "retriesCount" : 0,
        "retriesStatusChange" : false,
        "parameters" : [ ]
      } ],
      "uid" : "baaa7da599b6e22151865d9588a7b106"
    } ],
    "uid" : "5f0737f1d0d8045c2137745ab391c122"
  }, {
    "name" : "login.spec.ts",
    "children" : [ {
      "name" : "Login",
      "children" : [ {
        "name" : "Login",
        "uid" : "17e7e532867aeea5",
        "parentUid" : "c521efed5c43b85810d26991e3eff68d",
        "status" : "passed",
        "time" : {
          "start" : 1734614869168,
          "stop" : 1734614871543,
          "duration" : 2375
        },
        "flaky" : false,
        "newFailed" : false,
        "newPassed" : false,
        "newBroken" : false,
        "retriesCount" : 0,
        "retriesStatusChange" : false,
        "parameters" : [ ]
      }, {
        "name" : "Invalid Login",
        "uid" : "85202c2642bc6afd",
        "parentUid" : "c521efed5c43b85810d26991e3eff68d",
        "status" : "passed",
        "time" : {
          "start" : 1734614871553,
          "stop" : 1734614873670,
          "duration" : 2117
        },
        "flaky" : false,
        "newFailed" : false,
        "newPassed" : false,
        "newBroken" : false,
        "retriesCount" : 0,
        "retriesStatusChange" : false,
        "parameters" : [ ]
      } ],
      "uid" : "c521efed5c43b85810d26991e3eff68d"
    } ],
    "uid" : "85533cf51922ba29d5c511adcf54b49b"
  }, {
    "name" : "search.spec.ts",
    "children" : [ {
      "name" : "Search for a product and select last third result",
      "children" : [ {
        "name" : "Search for a product and select last third result",
        "uid" : "e108b8fff5f0fd6",
        "parentUid" : "d30635b1fa4128092f4c17d04deac5fc",
        "status" : "passed",
        "time" : {
          "start" : 1734614873677,
          "stop" : 1734614876372,
          "duration" : 2695
        },
        "flaky" : false,
        "newFailed" : false,
        "newPassed" : false,
        "newBroken" : false,
        "retriesCount" : 0,
        "retriesStatusChange" : false,
        "parameters" : [ ]
      } ],
      "uid" : "d30635b1fa4128092f4c17d04deac5fc"
    } ],
    "uid" : "7157f609de590132103a92a9a2d567e7"
  } ],
  "name" : "suites"
}