{
  "uid" : "ab17fc5a4eb3bca4b216b548c7f9fcbc",
  "children" : [ {
    "name" : "fv-az523-199",
    "children" : [ {
      "name" : "pid-4263-worker-0",
      "children" : [ {
        "name" : "Login",
        "uid" : "17e7e532867aeea5",
        "parentUid" : "403971954aed9179145b68d9ec9b23b0",
        "status" : "passed",
        "time" : {
          "start" : 1734614869168,
          "stop" : 1734614871543,
          "duration" : 2375
        },
        "flaky" : false,
        "newFailed" : false,
        "newPassed" : false,
        "newBroken" : false,
        "retriesCount" : 0,
        "retriesStatusChange" : false,
        "parameters" : [ ]
      }, {
        "name" : "Contact us form filling",
        "uid" : "ec46eb9f39c3eb5c",
        "parentUid" : "403971954aed9179145b68d9ec9b23b0",
        "status" : "failed",
        "time" : {
          "start" : 1734614865707,
          "stop" : 1734614868271,
          "duration" : 2564
        },
        "flaky" : false,
        "newFailed" : false,
        "newPassed" : false,
        "newBroken" : false,
        "retriesCount" : 0,
        "retriesStatusChange" : false,
        "parameters" : [ ]
      }, {
        "name" : "Search for a product and select last third result",
        "uid" : "e108b8fff5f0fd6",
        "parentUid" : "403971954aed9179145b68d9ec9b23b0",
        "status" : "passed",
        "time" : {
          "start" : 1734614873677,
          "stop" : 1734614876372,
          "duration" : 2695
        },
        "flaky" : false,
        "newFailed" : false,
        "newPassed" : false,
        "newBroken" : false,
        "retriesCount" : 0,
        "retriesStatusChange" : false,
        "parameters" : [ ]
      }, {
        "name" : "Invalid Login",
        "uid" : "85202c2642bc6afd",
        "parentUid" : "403971954aed9179145b68d9ec9b23b0",
        "status" : "passed",
        "time" : {
          "start" : 1734614871553,
          "stop" : 1734614873670,
          "duration" : 2117
        },
        "flaky" : false,
        "newFailed" : false,
        "newPassed" : false,
        "newBroken" : false,
        "retriesCount" : 0,
        "retriesStatusChange" : false,
        "parameters" : [ ]
      } ],
      "uid" : "403971954aed9179145b68d9ec9b23b0"
    } ],
    "uid" : "dbfeee5926af0974bd3e6cfeba73b970"
  } ],
  "name" : "timeline"
}