{
  "total" : 3,
  "items" : [ {
    "uid" : "5f0737f1d0d8045c2137745ab391c122",
    "name" : "form.spec.ts",
    "statistic" : {
      "failed" : 1,
      "broken" : 0,
      "skipped" : 0,
      "passed" : 0,
      "unknown" : 0,
      "total" : 1
    }
  }, {
    "uid" : "85533cf51922ba29d5c511adcf54b49b",
    "name" : "login.spec.ts",
    "statistic" : {
      "failed" : 0,
      "broken" : 0,
      "skipped" : 0,
      "passed" : 2,
      "unknown" : 0,
      "total" : 2
    }
  }, {
    "uid" : "7157f609de590132103a92a9a2d567e7",
    "name" : "search.spec.ts",
    "statistic" : {
      "failed" : 0,
      "broken" : 0,
      "skipped" : 0,
      "passed" : 1,
      "unknown" : 0,
      "total" : 1
    }
  } ]
}